Members,InsertLoop,InsertMany
1,0.035375118255615234,0.0566248893737793
11,2.8284590244293213,1.4578750133514404
21,5.8995420932769775,3.125458002090454
31,10.724499940872192,4.42845892906189
41,16.496457815170288,6.145542144775391
51,20.178709030151367,7.860708951950073
61,25.595208883285522,8.927959203720093
71,30.66249990463257,10.164207935333252
81,34.70812511444092,11.86887502670288
91,40.90762495994568,12.962291955947876
